claws	man	dot	pan	lose	determine	further	wheat	duty	donkey
cage	sum	helpful	ranch	hope	something	establish	must	daughter	least
adult	happen	scale	her	join	part	nuts	create	log	win
wish	sleep	program	prevent	tube	sets	somehow	lift	diagram	skin
primitive	pair	mixture	habit	person	blanket	tent	lie	prove	pupil
brought	wood	them	back	selection	way	feet	aside	good	zoo
flag	tank	shore	motion	sunlight	bean	date	nearest	sent	missing
mostly	bigger	addition	then	wide	tongue	wolf	cave	dirty	strong
create	consonant	up	product	pattern	bring	bright	wore	symbol	farm
but	shape	fish	greatly	in	those	nearby	declared	deal	nearer
milk	good	heading	it	position	fully	shoot	unhappy	while	generally
layers	top	hunt	frog	needle	nation	blew	hundred	tune	area
dawn	closely	stay	suggest	tropical	fish	thin	exact	like	knife
family	brush	reader	age	diagram	orange	rhythm	shout	differ	contrast
cloud	told	poetry	planned	dirt	work	hard	myself	like	outside
grandmother	gas	sister	inch	those	hold	language	clearly	needle	inside
knew	noun	paper	voyage	addition	slide	valuable	telephone	species	slope
day	pictured	cloth	deep	maybe	necessary	actually	fruit	even	tobacco
atmosphere	there	limited	lot	rod	equally	possibly	respect	everybody	entirely
guard	afternoon	buried	other	mark	take	they	nails	island	root
constantly	stock	highway	weigh	hollow	lake	physical	we	job	ever
mad	driver	plane	rear	desk	spring	thread	stand	she	smile
seldom	earth	treated	hot	frame	brain	open	particularly	plan	ice
mark	globe	saved	leaf	sun	origin	master	improve	could	cross
throughout	particles	muscle	river	did	city	needle	atmosphere	stock	position
about	usually	toward	disease	older	why	exclaimed	tongue	fast	liquid
lower	pattern	typical	dirty	appearance	famous	coach	circus	name	pond
acres	upon	recently	story	west	religious	outer	sing	attached	friend
principle	acres	loose	flame	hay	due	discussion	themselves	mice	in
slope	dance	meet	attempt	grew	fifty	choice	pole	itself	direction
laid	youth	finest	private	forest	week	organized	keep	how	example
for	class	aware	then	distant	paid	badly	substance	inside	pass
roof	baseball	go	quite	word	bound	construction	breathe	about	rule
law	port	applied	bush	sharp	steep	man	getting	health	visit
aside	heard	swung	paint	work	limited	vote	duck	different	example
fix	except	bent	improve	studying	unhappy	thought	solve	proud	kitchen
raise	engineer	map	running	summer	themselves	closely	position	standard	principle
root	because	fallen	steady	laid	thrown	region	political	giant	gray
people	coal	particles	drink	coat	news	song	studying	sugar	tonight
safety	know	strange	mistake	green	particular	forget	distant	gift	sight
circus	stems	surprise	concerned	good	dream	feature	probably	vote	until
saddle	state	facing	exist	danger	shine	fireplace	soft	organization	raw
view	due	bark	angle	house	soft	sheep	pet	now	voyage
feet	read	cabin	smaller	pleasant	interest	depth	sure	with	secret
sure	already	sold	applied	atmosphere	nearby	keep	blanket	burst	everybody
drove	grass	pass	prove	already	between	discovery	turn	lovely	detail
air	conversation	tell	raw	later	horse	still	invented	available	class
burn	lips	four	recently	repeat	ago	will	sail	five	might
port	divide	army	been	appearance	owner	huge	collect	success	grandfather
plate	tie	type	religious	conversation	harder	pass	western	airplane	talk
tightly	himself	door	dust	had	directly	rays	evening	large	fly
fed	easy	attempt	warm	movement	model	plates	prize	busy	fellow
greater	maybe	atmosphere	subject	opposite	pot	attempt	palace	said	fort
alone	rubbed	evening	facing	friendly	terrible	upward	toward	east	expression
sheet	won	properly	ought	mass	explore	experiment	imagine	pitch	locate
deep	gas	load	song	sound	empty	hearing	cap	scale	forest
bottom	political	service	eye	higher	join	likely	show	thou	shut
explain	draw	draw	development	case	acres	hidden	pair	cell	measure
mass	tea	product	church	rhyme	addition	sense	problem	bill	because
planet	pleasure	most	fall	theory	send	onto	mountain	degree	else
tall	claws	river	finest	earlier	visit	each	mood	pot	because
month	substance	chain	according	human	habit	found	outline	those	driver
rear	solar	duck	verb	effort	business	order	modern	common	memory
shore	nation	gift	light	age	speed	invented	middle	larger	dog
construction	this	joined	locate	fly	question	beneath	shop	coming	whose
magnet	percent	state	rich	station	beauty	tales	grandmother	nature	getting
quiet	able	difficult	prize	trade	we	worse	comfortable	member	both
joined	pay	vowel	coal	chamber	my	baseball	battle	strike	whispered
movie	smell	zero	rest	straw	it	blew	lay	popular	belt
go	leave	foot	vertical	careful	powder	pine	spent	sometime	dog
blood	dinner	three	belt	memory	tree	child	soap	bite	smooth
soldier	handsome	forget	driven	peace	pressure	older	hard	laid	tip
exact	shout	ever	canal	hit	nice	elephant	death	image	real
bigger	example	smallest	beneath	chart	universe	price	around	leaf	earth
due	plan	weak	blind	spirit	ride	describe	construction	treated	follow
stay	doctor	scientific	memory	verb	whispered	forgot	him	lift	once
simplest	harbor	winter	freedom	serious	remove	method	love	government	customs
clearly	turn	settle	baseball	than	wheel	order	distant	courage	horse
tent	fact	health	track	tiny	pitch	attack	stood	respect	few
camera	fresh	picture	strong	baby	sail	plenty	led	molecular	fox
quietly	stuck	leaving	bend	simplest	whispered	very	industry	steep	full
bark	mission	direct	military	friendly	tribe	paid	yet	final	race
passage	instance	natural	figure	moment	single	scared	forward	circus	balloon
sense	football	accept	get	changing	class	yellow	case	coffee	pain
pictured	appropriate	porch	left	book	fish	correctly	browserling	gas	anybody
appearance	cost	win	private	not	traffic	simply	burn	statement	truck
teacher	pure	energy	jump	drawn	boat	rather	fifth	sudden	gentle
shop	page	come	bridge	final	rabbit	wait	arrive	directly	proper
date	large	industry	street	command	planning	stone	religious	deer	stranger
bat	farm	beside	nice	court	section	exactly	buy	orbit	cast
transportation	yard	applied	mad	little	top	picture	five	mark	engine
corner	camera	means	means	situation	product	exactly	solve	cap	fighting
direct	popular	flag	laugh	score	growth	mean	send	son	bat
breathing	magic	spend	thank	dawn	speed	apart	gasoline	wherever	am
human	wish	individual	soap	spell	broken	life	children	unknown	partly
arrange	low	minerals	noise	particular	machine	attempt	funny	serious	throughout
funny	object	guide	popular	deer	lady	liquid	entirely	physical	thank
shown	noon	whenever	week	examine	feathers	understanding	ready	quarter	hollow
lower	hall	beneath	beneath	thus	on	lion	brain	when	ought
beneath	anybody	tube	type	ground	observe	mile	want	extra	keep
success	exchange	completely	action	measure	nine	contain	dead	frequently	dirty
pocket	fairly	claws	put	church	equipment	same	appropriate	depth	instead
taught	control	wing	transportation	learn	nervous	worse	skill	ground	generally
nose	rapidly	headed	visitor	silly	sharp	numeral	understanding	development	has
sometime	control	mission	route	cloud	step	effect	split	man	master
broke	arrange	mistake	official	giving	finger	our	never	mostly	block
youth	accident	fruit	individual	ever	space	end	natural	star	feature
together	flies	younger	climb	forty	canal	hang	salmon	sit	certain
lady	appearance	dirty	energy	pay	colony	country	sound	camera	shade
making	trail	wash	piece	brick	has	planned	should	some	dead
should	who	whole	basic	pine	mysterious	story	rose	sun	port
complex	low	accident	report	wonder	middle	worker	disappear	under	sink
east	globe	column	knife	beautiful	tight	dry	after	habit	split
perfectly	married	money	onto	minerals	like	learn	ahead	sell	third
silk	return	national	title	news	snake	stood	buffalo	remember	ice
facing	hall	car	run	underline	getting	lower	cell	allow	powerful
angle	southern	open	dust	do	lamp	greater	wonder	different	just
government	wash	cheese	poem	scared	ill	gave	neighborhood	barn	musical
learn	met	face	arrangement	circle	label	natural	environment	bend	began
hunter	young	poet	tonight	different	sleep	dull	sad	honor	fly
same	detail	better	wind	studying	saved	wonderful	past	start	balance
division	blew	itself	shoot	human	verb	flower	opinion	noun	scale
happy	hunt	here	information	common	satisfied	parallel	hay	escape	jungle
product	cabin	shoe	ability	cost	work	square	forty	idea	listen
go	sail	indicate	tube	try	advice	six	sure	basic	eye
largest	getting	instead	recognize	camera	smile	better	chance	cent	still
perfectly	origin	silver	nor	browserling	through	see	tongue	being	kill
struck	forest	twenty	experiment	wood	pond	reader	operation	near	enjoy
curve	coast	glass	shirt	double	porch	last	serve	satellites	brought
father	repeat	list	win	function	mail	dirt	whose	warn	air
copy	queen	run	most	build	entirely	motion	equator	scientific	spell
fear	try	somehow	straight	do	black	unit	range	second	better
taste	warn	touch	let	hide	north	there	proud	develop	poor
relationship	gradually	harder	start	ought	married	cow	read	lower	waste
melted	discover	screen	at	fear	fear	port	journey	unusual	row
horse	using	laugh	stuck	week	beginning	planning	completely	zoo	condition
familiar	leave	where	mind	women	frozen	anyone	inside	direct	include
laid	may	sister	raw	belt	account	broad	bear	behind	nobody
medicine	pressure	blind	close	spring	respect	exact	discover	respect	salmon
sudden	north	biggest	eye	catch	see	review	exist	wire	slowly
wheat	family	hand	queen	buffalo	red	within	promised	month	brick
spell	human	manner	place	journey	somehow	her	therefore	raise	drink
unusual	throat	to	tail	although	tool	adult	line	flame	drive
phrase	calm	price	air	pitch	visitor	farther	pleasant	fat	cup
slope	who	complex	harder	supper	while	speak	double	himself	noun
yellow	knew	certainly	fort	population	movie	floating	lungs	agree	stopped
buy	another	many	drive	moving	himself	express	bow	rate	sentence
change	course	start	exercise	equal	pupil	fire	wire	pleasant	amount
bigger	aware	ate	brush	war	real	replace	cast	connected	upward
equator	military	outline	faster	floor	quiet	ate	troops	rubber	walk
chapter	queen	skill	greatest	outline	use	would	entire	bound	imagine
drove	mental	very	guard	declared	noon	from	building	swept	tropical
fruit	passage	ancient	carefully	newspaper	hope	vast	molecular	cross	mouth
become	purple	primitive	truth	highway	familiar	gave	exchange	tried	lucky
since	officer	century	buried	younger	burst	plus	tonight	allow	across
habit	lying	push	city	imagine	example	past	ourselves	lack	taste
start	paragraph	breathe	pine	birthday	combine	circle	fort	plates	eventually
individual	industry	farther	country	was	sides	does	occasionally	support	equator
spin	product	lost	film	slip	listen	threw	grain	dull	beauty
till	former	crop	seeing	silent	journey	surface	turn	dirt	planning
future	height	track	news	pain	wonderful	worried	war	white	saw
hall	sight	minerals	grown	than	cow	shoot	apart	hope	sky
led	plates	shall	onlinetools	officer	mind	flat	skill	fell	slope
teach	film	honor	pure	feathers	thin	know	speed	sand	characteristic
men	support	crop	wife	author	dust	hat	principle	slip	hurt
dot	paragraph	today	chapter	cloth	swimming	cold	percent	tongue	long
equal	asleep	tower	indeed	aid	page	opinion	hollow	discuss	softly
development	fewer	may	feel	block	hidden	naturally	classroom	composed	consist
desert	experience	neighborhood	nearest	common	industry	imagine	foreign	universe	bare
four	replace	remove	myself	selection	circle	yesterday	parallel	whale	opinion
laid	author	fat	company	business	tongue	sound	sudden	play	human
not	service	harbor	helpful	came	running	wet	youth	mouse	degree
average	compass	blanket	military	feed	law	which	guide	level	might
massage	yourself	everywhere	stronger	speak	personal	charge	though	support	piece
pull	rule	frequently	construction	pot	stopped	real	saved	ordinary	stage
task	any	elephant	struggle	bone	village	replace	flame	dozen	pig
leaving	corner	local	printed	warm	bowl	therefore	note	student	truck
hard	according	folks	flame	loud	studied	else	view	cannot	ill
has	hold	jump	block	usually	mental	front	threw	principle	bee
settle	certainly	news	went	function	honor	camp	easier	guide	pie
rock	nails	sound	cold	corner	strange	court	pleasure	property	nothing
who	near	my	soil	due	season	spoken	share	dug	wing
community	journey	fighting	slope	asleep	circus	happy	stiff	grown	organized
high	cookies	thou	pattern	that	rod	know	chemical	still	sentence
equally	planned	pocket	carry	fifty	create	wear	several	basic	pen
table	drop	flew	man	us	even	bone	pink	toward	tired
onto	share	curve	father	satellites	jump	lonely	war	everybody	ever
room	wrapped	meat	trace	became	jack	quickly	show	fastened	snake
simple	atmosphere	split	addition	told	excellent	never	least	information	modern
value	problem	buffalo	try	solid	no	increase	lower	soil	outline
continent	dollar	this	cloth	area	once	passage	term	captain	nervous
likely	article	prove	felt	palace	deeply	joined	bowl	largest	slope
shelf	prize	account	bare	terrible	provide	kept	forgot	wise	corner
now	mail	expression	pleasure	also	space	door	trick	excellent	education
lift	bite	harbor	gray	acres	hundred	doctor	still	underline	work
select	beautiful	gas	column	huge	knowledge	reader	topic	land	rays
own	library	window	blew	agree	country	further	together	sent	year
rise	diagram	time	keep	twenty	figure	rocky	actually	judge	burn
stopped	tin	order	largest	manufacturing	hang	chief	but	customs	stairs
stage	except	long	attached	suit	avoid	shaking	world	look	dot
beginning	able	grow	elephant	report	composition	ran	roll	dug	direction
faster	fix	done	spider	gift	held	hardly	make	water	inside
any	organized	touch	plain	certainly	rubber	such	specific	compound	heat
rose	directly	collect	combination	anyone	hour	duty	surrounded	numeral	straight
build	lady	primitive	flag	themselves	page	sail	sister	find	where
cookies	soap	satisfied	more	some	symbol	smoke	shut	necessary	idea
equally	moon	negative	be	close	center	thought	difficult	opportunity	smaller
smaller	love	happened	share	recently	note	get	tears	somewhere	shoe
exist	younger	color	honor	cattle	sad	crowd	central	experiment	represent
work	mark	aside	faster	stream	thread	tree	explanation	mission	event
atmosphere	personal	account	higher	alike	brown	sell	am	roar	belt
disappear	sick	ball	glass	simplest	pretty	area	consonant	weak	fighting
power	principle	escape	seen	green	arrow	swim	characteristic	negative	twelve
secret	promised	natural	pack	speech	charge	orbit	division	got	arrange
paper	threw	why	aboard	fly	soldier	wild	buy	onlinetools	choice
fully	grown	pile	muscle	area	what	burn	meat	parent	separate
stone	fifteen	ate	sad	record	himself	truth	led	brother	money
steam	sun	lamp	tonight	cloud	week	flame	job	farm	root
certainly	exactly	split	distance	doll	evidence	skin	all	themselves	pass
throughout	captain	replied	knew	fourth	within	pink	partly	method	ride
lovely	feel	cover	western	twenty	suit	roll	play	wing	free
soft	till	fat	layers	nuts	result	already	win	proud	quick
inch	off	thumb	beneath	anyone	attack	generally	out	parent	extra
pet	log	brief	date	indeed	pitch	amount	land	daily	between
met	classroom	cut	here	noted	golden	fed	sweet	military	easier
unless	took	imagine	shut	late	push	breathe	fruit	quick	cut
tonight	did	remove	come	meal	gun	musical	exact	part	audience
root	service	hearing	result	tomorrow	climb	law	evidence	sang	made
per	usual	interest	chair	harbor	warm	six	ask	valley	driven
tip	southern	path	turn	steady	mental	lamp	here	depth	everything
figure	peace	many	silly	is	person	fellow	her	exclaimed	tin
manner	operation	warn	season	top	wise	atomic	greatest	catch	property
biggest	shot	tip	information	calm	avoid	bridge	breath	means	pony
against	straw	successful	block	time	fastened	dance	answer	ready	mean
enter	example	small	sell	shop	several	way	home	die	climate
joy	direct	sugar	chapter	west	doll	lamp	tell	eight	western
claws	refused	letter	harder	draw	there	sight	produce	respect	machine
plant	welcome	maybe	belong	slabs	creature	happily	large	prevent	floor
yet	mark	dust	continued	keep	fast	provide	north	mixture	dull
fill	vast	hurt	duty	traffic	could	finish	bare	black	silent
excellent	suit	am	lake	shallow	or	me	meant	none	silent
property	stock	freedom	slabs	high	just	trap	completely	death	pole
far	park	west	fought	complete	tone	grade	tobacco	fine	appropriate
sound	protection	jet	begun	better	frame	work	tall	weather	recent
its	sound	religious	whole	very	nails	was	stiff	force	space
ranch	fifth	square	get	snow	writing	locate	grabbed	ship	but
listen	recognize	bean	detail	good	hidden	wild	truck	metal	wish
stretch	turn	chemical	difference	rock	said	week	taught	jar	sleep
bill	correctly	kind	including	may	former	house	fear	troops	factory
vertical	mother	differ	facing	direct	women	teacher	learn	improve	held
rise	beautiful	tears	cell	or	wide	railroad	ability	possibly	though
customs	slide	desk	copy	belt	water	supply	essential	law	tropical
book	iron	quietly	chief	simplest	becoming	none	label	perhaps	nearer
piano	share	daughter	breathing	fall	birthday	route	swung	bus	worth
hospital	old	softly	example	temperature	build	differ	depth	listen	stronger
grandmother	join	sugar	began	flies	tribe	sure	drink	bridge	older
men	difficulty	what	whale	purple	headed	orbit	porch	exist	function
sum	strange	shop	some	cookies	pale	mice	yesterday	unit	unless
cover	wherever	held	browserling	build	slipped	smooth	season	zero	each
fog	somehow	greatly	bank	replace	face	clearly	muscle	badly	any
observe	mile	cheese	lay	count	clay	all	charge	song	early
occasionally	street	eaten	those	joy	heavy	luck	smell	battle	character
usually	average	noun	slip	sand	nuts	early	slept	useful	because
great	further	shinning	tears	every	fact	near	mathematics	hair	doing
forgot	ruler	original	came	great	aid	window	sign	pride	particular
ability	recently	musical	wise	feed	star	men	refer	call	blood
upon	flies	seven	first	suit	deer	be	leader	train	become
fort	shells	corner	familiar	ought	wonder	step	using	travel	mostly
clothing	against	give	parallel	drink	excitement	broad	straight	finest	use
plant	throughout	chose	earn	yellow	pony	refer	gas	left	movie
send	road	parts	judge	change	stronger	mice	colony	become	aboard
observe	knew	prevent	structure	twenty	design	reason	onlinetools	lift	pass
sick	quick	excitement	describe	sport	shirt	search	molecular	offer	while
draw	wore	cover	care	each	itself	remain	having	negative	onto
reach	making	speak	detail	jungle	industrial	master	voyage	driven	skill
return	ready	chemical	door	learn	stock	horse	fair	needle	village
large	supper	book	taught	still	dozen	wish	then	flat	someone
western	slabs	score	balloon	education	since	square	west	every	crop
hold	bark	flight	business	slip	found	including	gather	steam	phrase
shot	college	my	force	industrial	least	nest	rush	anyone	egg
very	fur	war	identity	education	coffee	seat	drop	refer	speed
north	swung	wood	dried	previous	island	tall	fact	crop	strike
egg	group	prevent	bank	model	giant	hard	cent	cry	shot
writer	told	transportation	sunlight	clothing	policeman	college	arm	check	oxygen
widely	whispered	rule	dish	feet	grass	clay	steep	border	leg
price	explanation	physical	tide	divide	advice	bridge	remain	statement	wish
may	color	blank	size	like	basket	tank	major	blank	fox
fairly	horn	brain	ground	hollow	outline	rule	positive	practical	truth
willing	talk	column	journey	pure	plastic	tone	possible	record	which
public	remarkable	them	has	season	jump	oxygen	dead	deeply	occur
aware	purpose	silk	tobacco	express	force	valuable	needle	chose	article
forest	keep	trip	rope	happily	mail	shirt	tune	gate	lovely
adjective	separate	military	cabin	swept	pale	diameter	no	longer	physical
shut	horse	upward	ahead	told	adjective	skill	straight	typical	doll
whenever	sum	left	handle	touch	rise	its	fish	basic	machinery
current	refer	similar	cap	beside	village	gradually	former	wise	front
properly	across	won	recall	measure	fifty	drive	grow	indicate	present
church	swimming	former	crop	noun	moving	wealth	clay	cook	harbor
hurry	made	pitch	lay	wrong	loud	law	thousand	it	spread
company	label	plain	buy	earlier	so	different	behind	only	land
join	mill	pour	law	determine	never	fly	market	best	length
some	giving	corn	note	brave	voyage	whale	work	tip	cause
help	breakfast	for	does	youth	practical	daughter	safety	object	theory
industrial	fellow	freedom	biggest	else	explain	you	telephone	chose	arrange
earlier	village	curious	bit	anyway	tired	chart	happen	skill	struck
breath	earlier	greatly	alive	shown	blood	liquid	sleep	meet	over
zero	tribe	similar	yet	complex	for	trouble	saw	special	quietly
above	behind	was	poet	white	atom	frighten	pond	fellow	put
double	reach	certain	expect	congress	provide	reason	likely	triangle	met
stairs	sides	tobacco	sudden	sheet	goes	business	plus	parts	fighting
meat	plenty	younger	route	teeth	distance	got	tales	bit	vapor
whispered	harder	dirty	tax	bet	scale	talk	see	invented	swung
active	noted	observe	fellow	equator	work	maybe	discovery	part	outline
dangerous	spoken	nor	gently	expression	information	down	bring	look	cup
degree	appropriate	opinion	bite	shore	yet	eaten	string	neck	process
birds	warn	women	master	pilot	using	future	habit	frozen	universe
daily	pocket	goes	cell	south	aloud	out	hot	monkey	track
coast	grown	join	tired	hospital	blue	judge	daily	sun	fifth
knife	youth	military	many	call	room	circle	arrow	harder	hay
supper	wealth	were	electricity	draw	writing	rule	good	collect	well
birth	board	total	minute	pay	power	teeth	younger	position	manufacturing
shot	cause	monkey	greatest	machine	luck	tongue	curious	teach	model
excitement	anywhere	nine	became	equal	ball	burst	condition	instead	famous
from	entire	throughout	cry	found	breathe	flower	reach	writing	zoo
spin	tent	offer	several	rather	lie	getting	chain	expression	arrange
badly	mysterious	equipment	happy	cast	twelve	tribe	held	telephone	grandmother
acres	crack	safety	later	fill	primitive	stage	engineer	son	organization
over	nature	empty	jungle	cream	simple	quarter	how	whispered	is
wall	small	rough	tropical	service	try	series	look	parts	supply
opinion	swept	law	transportation	done	command	however	minerals	pretty	had
laugh	until	agree	coast	got	desert	last	river	at	identity
stream	why	stand	quite	through	tobacco	place	early	season	pencil
stretch	wolf	weak	by	willing	solve	torn	how	closely	welcome
cat	shoulder	flower	screen	saved	himself	nobody	butter	stretch	strike
tube	due	exactly	such	rope	greatly	shot	death	felt	can
stems	driven	sleep	hunter	clock	college	gun	strength	division	tent
broke	vapor	century	differ	second	cage	previous	held	huge	pupil
field	land	strong	rather	extra	further	changing	danger	poet	claws
found	horn	locate	oxygen	sugar	frozen	according	aboard	constantly	ago
statement	check	outside	probably	dirt	plant	entire	coat	wave	what
thousand	stranger	whistle	mighty	young	making	bean	additional	college	saddle
parent	fog	this	throughout	truth	cake	rock	perfectly	track	familiar
ahead	arrive	dull	drive	slabs	tomorrow	bow	produce	height	golden
sent	officer	pour	sign	blew	wonderful	waste	tell	unusual	too
women	nodded	whose	loud	addition	mostly	onlinetools	kill	smallest	cowboy
bat	remain	hat	topic	now	fairly	substance	dangerous	moving	sight
sight	special	second	ready	so	bicycle	list	tent	ever	expect
cow	rest	how	than	fed	gray	concerned	settlers	every	order
chose	snake	phrase	beat	shot	wonder	became	sentence	before	equator
television	sail	example	smooth	have	form	saddle	magnet	obtain	brush
instrument	we	death	paint	broke	greater	example	family	separate	young
establish	tiny	minute	shoulder	library	want	cut	nor	anyone	such
common	tightly	trouble	why	compound	person	bean	quickly	made	weather
possibly	pure	gather	floor	seed	layers	fast	butter	select	our
development	wrapped	again	positive	slope	onto	reader	outer	yet	anyone
spider	touch	waste	sum	given	differ	boat	needle	cage	third
declared	worried	forget	attached	attention	opposite	mass	lake	fallen	force
chicken	country	refer	youth	electricity	positive	fair	between	choose	everywhere
allow	forget	then	vertical	determine	customs	flower	invented	happily	discovery
prevent	traffic	well	nice	pupil	refused	excited	meet	hard	willing
close	know	roll	pressure	kept	colony	anybody	afraid	thee	previous
are	factor	pig	load	vegetable	damage	had	shade	want	cannot
star	bottom	very	mouse	muscle	test	soon	sweet	left	hold
eleven	introduced	fifteen	claws	prevent	thus	lungs	it	hole	uncle
life	effort	might	this	voyage	surrounded	opinion	greatly	hole	order
definition	limited	soldier	universe	people	seven	ruler	until	easier	refused
seems	screen	stick	express	forget	electricity	dozen	design	empty	try
everything	horse	luck	mad	funny	whale	division	chemical	blind	older
title	broke	mysterious	ear	fact	when	given	visitor	search	liquid
combine	hunt	neighbor	future	paint	immediately	funny	lesson	chose	map
mine	return	copper	mighty	heavy	for	twenty	scared	bell	plant
cast	operation	shore	play	planned	famous	shop	certain	degree	making
stream	snake	cake	raw	wire	easily	ship	property	vast	spider
exercise	worker	chart	chicken	fell	chose	grew	tower	touch	pet
former	separate	slight	locate	blanket	show	beside	importance	trip	dark
dirt	attempt	moving	shine	care	riding	treated	seems	escape	rapidly
prevent	told	hour	castle	minerals	run	system	vessels	chemical	opinion
porch	chain	nor	is	has	tin	famous	opposite	amount	cave
on	canal	fort	exclaimed	tent	easily	fix	about	animal	breathing
fighting	beginning	check	class	wheat	combination	love	merely	favorite	source
milk	suit	series	garage	mental	spent	clock	nature	gulf	built
author	older	shelf	diameter	topic	bow	bow	dot	browserling	along
sense	orange	finger	library	plate	day	individual	building	am	image
notice	ate	chapter	double	gradually	correctly	finger	mine	flat	prevent
route	come	look	beat	safety	rope	oldest	income	office	hurt
lying	possible	plant	nearly	spoken	complex	slight	jar	ocean	closer
truth	sentence	nearly	till	book	history	see	diagram	shaking	refused
former	laid	football	whenever	enough	tonight	clothing	which	taste	after
thrown	themselves	equipment	winter	sight	huge	connected	pond	result	total
value	goes	understanding	harbor	softly	two	fear	order	movement	story
school	swam	pig	seeing	club	forest	milk	throat	mental	class
matter	kitchen	month	grow	production	slight	replied	split	meet	safety
for	control	two	leave	lost	gray	tail	sister	double	climate
weight	total	ready	species	nine	nearby	cream	quick	breakfast	harbor
molecular	tower	writing	pie	central	duck	birth	wherever	get	accurate
no	scientist	yes	tightly	mountain	bank	gasoline	mathematics	plant	physical
shot	throughout	lake	off	stick	free	tape	tape	station	price
naturally	substance	for	lower	tea	room	than	stop	major	butter
lips	rod	someone	direct	barn	paid	slight	successful	replace	sky
bottom	extra	window	chief	choice	effort	alike	supply	experience	fall
noon	sang	border	iron	forest	kitchen	leather	layers	leaf	jar
condition	pain	form	hurry	four	passage	yard	then	thou	tip
settlers	tune	including	perfect	labor	home	above	themselves	daughter	guess
hit	cheese	dinner	hurry	record	silence	pass	load	include	tales
stretch	enemy	flew	rather	fire	failed	song	check	whatever	helpful
actual	pleasure	married	ate	town	struggle	beat	occasionally	stock	slide
worse	great	tea	duty	queen	baby	surrounded	copy	wonderful	tea
condition	poet	trunk	continued	mountain	kind	port	suddenly	honor	announced
aloud	favorite	felt	current	die	individual	shorter	lie	once	or
steam	wherever	fast	cross	upper	pride	along	harbor	broke	nearest
four	jungle	them	suppose	dinner	record	white	becoming	cloud	labor
soil	grandmother	point	scale	football	them	labor	bound	welcome	country
rule	torn	month	step	sky	yellow	uncle	form	half	middle
eight	mixture	surface	wonder	principal	drink	meant	twice	higher	dug
of	individual	taken	stiff	task	lucky	planned	spend	tide	bean
dry	growth	topic	bound	include	pull	pencil	pet	poet	any
deal	fence	greatly	species	heart	wall	track	original	its	even
education	say	riding	curve	difference	rocket	brother	dirty	mighty	breath
metal	wind	kept	value	attention	jar	dust	bare	care	pig
studying	married	blanket	other	human	tip	baby	alphabet	difference	tail
above	city	start	laugh	stretch	note	law	highway	struck	share
attached	neighborhood	long	dig	due	spin	dance	actual	giving	rod
nearest	equipment	brush	also	happy	riding	studied	negative	complex	doing
tie	dust	before	ill	describe	pilot	natural	blue	whistle	daily
wash	each	dust	horn	arm	immediately	state	line	member	dear
heard	safety	list	order	former	worried	whole	yourself	thought	limited
charge	too	fifth	tie	citizen	fifteen	therefore	beginning	speak	wall
statement	frequently	closely	pound	strike	smell	although	widely	settlers	being
where	turn	call	north	space	cow	dull	previous	iron	month
son	steady	between	exchange	period	question	theory	mysterious	chance	death
mad	nose	sink	hill	canal	did	variety	huge	eye	though
force	western	degree	soon	chart	rubbed	greatly	vegetable	food	written
sunlight	tape	shape	pot	poet	human	harbor	tales	saddle	instrument
familiar	area	tree	meant	operation	older	help	valley	till	weak
two	shelf	cheese	spider	wonderful	opposite	spirit	fur	run	length
principle	happened	underline	pink	social	bag	avoid	rock	contrast	spirit
useful	am	acres	stay	swam	roof	eager	view	dream	list
won	influence	blue	charge	action	path	found	income	tent	egg
more	decide	hill	loud	child	from	star	share	eager	floating
route	no	correct	damage	clear	happily	grew	shoe	hall	division
private	stronger	dead	sort	magic	fish	sail	crack	independent	vast
where	wise	draw	television	proud	cage	save	dust	shoe	enter
spin	who	smaller	sheet	kind	final	reason	pay	coal	soap
weather	combination	distance	bark	explain	fire	common	simplest	compound	feathers
mountain	year	scared	light	pick	fair	spread	opportunity	river	lower
once	yet	race	salmon	value	make	shallow	heart	modern	breeze
honor	joy	research	time	fruit	pot	cry	spider	have	street
last	vast	tears	obtain	eager	so	tropical	swept	list	cloth
expect	port	forget	worker	object	worry	rush	barn	selection	grow
itself	quietly	thus	engine	yesterday	birthday	difference	note	decide	tell
struggle	got	somewhere	food	pleasure	period	moving	sort	shinning	steady
nails	rule	tiny	rough	lift	friendly	why	dream	farm	edge
jungle	by	addition	worry	cause	luck	hurt	cast	headed	pond
crowd	straw	correctly	swam	although	division	cabin	pretty	born	excited
wild	pleasure	cheese	pale	mouth	moon	bit	came	though	captured
using	several	another	caught	while	kids	put	earn	cool	tide
kept	carried	remarkable	run	cook	escape	drove	moving	quickly	recognize
upon	drink	word	policeman	suggest	whose	throughout	else	combination	bread
moving	by	struck	hurt	stopped	none	radio	breakfast	game	tube
safety	different	open	helpful	sort	load	shop	bow	education	eager
local	heart	party	serve	angry	atmosphere	deer	slave	its	shirt
did	naturally	funny	chose	rhyme	real	port	pair	original	substance
negative	positive	mysterious	known	further	saw	mind	music	detail	rocky
wrote	divide	elephant	metal	rope	laugh	parent	pack	shake	door
remember	memory	nervous	dress	older	bare	log	chapter	loss	wood
gradually	plastic	airplane	balloon	white	mind	alphabet	root	active	step
string	tired	key	funny	thing	lift	handle	business	desert	rocky
school	winter	diagram	seed	whom	difference	burn	captured	our	number
cost	entirely	gray	fifth	no	ice	these	land	examine	future
mind	spend	oxygen	escape	last	open	nine	exchange	wild	pet
type	gave	strong	carefully	crew	friend	characteristic	slide	meat	important
guess	neighborhood	bowl	worry	person	each	particular	copy	bad	to
seed	change	easily	burn	beneath	generally	teach	hole	lady	stiff
wife	pet	within	nature	local	repeat	just	smaller	bridge	term
tea	citizen	mouth	swam	south	atom	depend	pilot	lack	wing
ready	actual	meant	volume	special	might	court	sell	across	quietly
bite	troops	headed	tomorrow	city	when	planning	aid	tide	organization
trouble	wrote	ill	happy	luck	failed	national	eat	raw	above
by	just	during	longer	watch	nuts	rod	equipment	farther	magnet
proud	wolf	wherever	voyage	examine	slipped	broad	below	here	last
lie	perfectly	wave	situation	hundred	lips	building	fine	rising	factory
principal	push	electric	kept	shelf	lungs	human	light	color	replace
tea	beside	same	able	various	smallest	roof	better	job	gas
basic	but	basis	strong	available	meat	pool	tube	discuss	across
even	scared	stems	cell	may	pound	seen	traffic	law	failed
help	entirely	third	color	cause	experience	onto	frog	almost	whistle
magic	farmer	whose	mean	own	tribe	wash	his	ago	farther
especially	stronger	gently	mainly	snake	respect	sat	composed	bad	pull
citizen	ago	screen	mix	continent	pattern	east	pet	onto	care
honor	atomic	thirty	spring	refused	molecular	sit	repeat	supper	pool
myself	bat	spite	hill	typical	football	fire	farther	we	completely
population	here	dropped	dug	it	fifth	steel	during	mathematics	even
label	constantly	troops	straw	zero	excellent	tool	creature	twelve	snow
arrange	year	limited	frozen	joy	caught	neighborhood	close	paragraph	degree
supply	person	honor	brown	cheese	total	direction	gun	wall	smaller
express	company	leave	alphabet	particles	rain	element	late	guess	flame
blood	serious	last	large	basis	leaf	pay	pie	process	sat
difference	coat	ball	wind	shadow	thin	sound	diagram	beneath	group
mixture	merely	feel	television	score	shallow	express	remarkable	easier	appearance
general	rising	excellent	went	friendly	broad	date	brush	broke	mood
no	printed	mill	simplest	golden	positive	hay	apple	car	money
arm	somewhere	basic	apartment	dirt	balloon	rope	lot	doctor	dress
gravity	proper	earth	eventually	audience	to	gray	opportunity	prevent	tree
extra	join	pull	long	chosen	pretty	reader	did	birth	anyway
perfectly	you	needed	down	answer	ancient	slide	citizen	electricity	amount
known	nature	long	whenever	myself	failed	popular	suppose	changing	lonely
fallen	labor	molecular	giant	guard	strip	cut	us	sets	pot
rapidly	thumb	shells	long	gas	want	liquid	remove	fighting	they
hello	feel	tell	bottom	ring	running	activity	straw	river	soil
furniture	wagon	beside	flies	ancient	broad	political	bean	relationship	national
field	over	slave	blow	tin	chest	spell	organized	fruit	gravity
road	asleep	making	during	planning	rule	today	course	sell	wing
equator	mostly	therefore	avoid	whose	record	dinner	serious	create	organized
field	shore	naturally	facing	teach	ordinary	older	rice	grew	beat
continued	fought	when	attention	seen	label	settlers	massage	off	second
energy	spin	meant	island	construction	grown	willing	smile	younger	western
thy	region	advice	tune	route	finally	pride	thumb	size	dug
talk	join	anything	herself	political	evening	disease	enemy	trunk	job
fighting	ill	product	hold	among	pair	start	thread	repeat	support
community	do	adjective	torn	national	beneath	program	film	dot	fat
raw	college	blue	wrong	require	cabin	blow	mainly	bank	fill
chemical	also	atmosphere	tail	who	beneath	getting	wore	sign	arrive
rush	nature	happen	replied	ago	dirty	lunch	want	wife	salmon
there	grandfather	son	fine	everything	copper	zoo	refused	children	chapter
handsome	you	enough	home	sentence	growth	reach	property	except	offer
mix	toy	case	tax	goes	shorter	earn	than	stems	triangle
discuss	after	therefore	lying	direct	check	tongue	especially	ocean	flight
cent	river	magnet	frequently	rough	making	what	roar	protection	negative
lie	pile	biggest	transportation	became	imagine	cabin	nor	chair	voyage
ball	depth	atom	charge	first	inch	to	pictured	so	sugar
theory	base	shine	its	level	current	sitting	spend	pot	bright
whistle	stood	tape	native	section	short	fall	sold	bottom	made
calm	lady	rocket	window	made	roof	rocky	hope	cabin	below
tide	paid	money	yesterday	primitive	sad	fourth	applied	earth	fall
nobody	transportation	asleep	friend	alike	forget	hello	glass	check	separate
soap	zero	on	is	became	forest	tail	new	course	settlers
cool	faster	crew	tank	single	single	invented	shells	feature	stand
put	equal	state	kitchen	another	climb	pole	wear	cost	stiff
toward	provide	before	remove	spell	shoot	past	weigh	sides	game
section	service	balloon	military	living	announced	for	so	gone	image
disappear	let	measure	muscle	including	extra	lady	married	gently	political
figure	author	gun	ground	title	mix	hall	basis	although	dream
ground	join	former	lead	jar	cowboy	instrument	strong	road	future
correct	combination	snake	sometime	mark	were	chapter	sure	green	road
teach	suggest	chair	thy	goose	adjective	talk	pie	paint	particular
industry	opinion	quick	proud	time	orange	sleep	basis	teacher	possibly
command	smaller	tongue	dull	join	minerals	other	field	source	find
sweet	upon	planning	direction	experiment	row	tape	single	which	snow
lucky	tiny	hand	television	plural	voyage	cause	function	wall	completely
pole	excellent	tank	ill	language	gently	deer	saw	sure	who
easily	golden	silence	cutting	fireplace	learn	since	remain	coffee	church
burst	about	behind	state	topic	fallen	structure	town	means	border
broad	doubt	temperature	care	mine	salt	case	coming	stronger	branch
kill	determine	love	boy	lose	enter	especially	cotton	dark	surprise
electric	closer	orbit	nothing	fed	surprise	six	ball	easy	outer
review	us	sugar	under	factor	practical	daily	branch	below	member
everywhere	behind	bean	got	railroad	sign	floating	seldom	traffic	pipe
frighten	plate	speech	bare	too	fur	build	sit	behind	public
wrapped	smoke	solar	negative	twice	collect	tone	whole	wore	direct
give	excellent	ahead	is	came	path	occasionally	extra	dried	eleven
may	bank	dawn	tax	rocket	tail	welcome	vessels	swim	prove
organization	introduced	shown	lose	union	quickly	object	short	out	ants
baby	grew	busy	industrial	neighbor	pretty	health	palace	muscle	paper
take	jet	oil	political	will	are	place	know	function	species
salt	region	condition	inch	been	money	check	member	none	zero
cattle	danger	package	am	purpose	chain	number	machinery	early	escape
way	butter	vessels	share	trouble	child	process	popular	sport	ability
cell	design	grabbed	citizen	official	bowl	science	gray	grown	yes
proper	yellow	cup	every	was	electric	spell	married	exclaimed	movie
well	famous	leaf	nearer	turn	best	officer	said	organization	letter
very	dish	correct	moving	gun	closer	myself	movement	fighting	space
design	burn	appropriate	using	plate	likely	thus	white	went	thank
town	flame	wagon	just	average	colony	perfectly	those	harder	combination
bottle	per	catch	feathers	memory	rain	speak	dig	then	musical
build	planned	neighbor	main	low	iron	table	grown	dug	arrangement
tribe	putting	because	earn	paper	at	thumb	let	us	popular
drive	bound	slept	clearly	eaten	brush	nest	basket	gravity	wherever
local	pond	equal	pattern	frighten	do	edge	buried	oxygen	soil
atomic	spoken	toward	medicine	respect	sheet	hall	feathers	daily	ever
clean	interior	late	dropped	became	cabin	bus	table	fierce	talk
smallest	train	loud	thou	within	trade	simplest	cattle	coast	friendly
hung	per	slipped	exact	deeply	health	both	line	mainly	him
victory	replied	apple	active	willing	bread	wealth	damage	practical	record
began	nuts	excitement	farther	once	impossible	seat	queen	class	duty
remove	offer	motor	sides	regular	fifth	put	affect	tall	fly
eager	pain	fifty	welcome	just	gradually	pale	help	earlier	report
gate	husband	outside	bare	began	unusual	carefully	grade	wise	moving
fence	local	original	combine	book	once	signal	large	hearing	enough
said	nest	plan	cotton	tool	citizen	dawn	drink	jack	dress
nervous	map	pocket	another	quarter	done	herd	does	spread	amount
chosen	mile	hollow	southern	have	cave	excited	failed	anything	labor
bush	forth	better	couple	forgotten	machine	education	coffee	count	harder
steel	instance	discover	try	composed	spin	as	copy	means	process
shells	youth	during	end	certain	human	dead	plain	new	handsome
library	join	raise	chance	aloud	hurt	word	silver	tent	government
fallen	guess	addition	enemy	climb	near	forty	there	certainly	farther
wonder	threw	pass	change	bring	tax	shore	wash	child	special
two	copy	police	outer	wheat	fruit	brief	whether	by	jar
storm	escape	limited	break	seat	beginning	from	bigger	bridge	clock
oil	pig	seldom	image	down	lead	save	simply	salmon	stems
prepare	driver	race	out	nine	disappear	simply	simple	browserling	teach
mainly	outline	shelter	customs	did	began	colony	opinion	draw	rhyme
star	danger	whatever	tail	street	art	mine	funny	test	sides
think	throw	account	west	rest	grade	struggle	direct	whistle	than
body	by	influence	fight	hospital	mean	stuck	meant	pie	wrapped
party	arm	height	composition	leader	but	fell	tropical	paint	catch
nest	contain	they	officer	fear	themselves	flat	vote	plan	tie
flower	train	handsome	period	feature	room	race	stop	excited	softly
aloud	eat	headed	difficult	flight	eleven	degree	point	diagram	positive
bound	sheet	shadow	bar	die	constantly	writing	desert	machinery	new
people	queen	way	weight	price	beat	attention	industrial	diameter	twenty
account	border	arm	sudden	horse	pale	care	machinery	below	shore
surrounded	shall	hard	except	expect	map	short	trip	force	cup
minute	concerned	protection	powerful	empty	over	shadow	deal	case	kept
older	card	road	such	happily	shaking	point	flat	library	none
using	motor	member	never	article	cloud	card	important	practical	bigger
structure	heavy	tax	down	double	together	onto	might	stared	hour
charge	slow	door	fall	supper	express	particles	waste	built	as
some	planet	habit	wing	salmon	slide	outline	known	forest	story
satisfied	single	bag	continued	locate	move	bicycle	kind	quick	mood
symbol	television	particles	first	flame	plus	consider	obtain	equator	part
obtain	dozen	within	usual	speak	muscle	border	repeat	hard	stage
butter	else	suddenly	sun	goes	aid	smaller	under	arrow	dry
elephant	opposite	discussion	road	table	middle	little	harbor	beat	space
pale	declared	right	add	dear	settle	zoo	see	willing	finally
food	temperature	apart	forgot	proud	sheet	train	shoe	cost	identity
past	deep	gather	complete	right	event	cloth	hat	construction	special
lady	riding	outer	vessels	distant	someone	mean	raise	circus	repeat
bat	farther	ring	green	river	space	changing	whispered	exercise	like
rest	was	enough	noise	tiny	shall	compare	feature	suppose	wherever
close	raise	distance	west	old	bridge	modern	order	graph	final
smooth	tie	gulf	mark	whispered	plenty	hunter	food	production	nuts
dream	were	warm	talk	manner	win	half	sand	log	nest
charge	locate	lot	dance	influence	greater	current	point	printed	slabs
help	put	grow	sets	opinion	force	condition	bread	indicate	rubber
doing	drawn	sit	surface	enemy	circle	account	vegetable	reason	flat
wolf	everywhere	force	sound	obtain	select	zoo	fully	me	product
oil	missing	check	second	widely	pour	house	living	breathing	pink
fifteen	half	mind	pleasure	stood	bit	such	another	party	finally
fought	share	milk	late	which	lost	thing	brought	laid	element
sheet	five	scene	vertical	gas	base	hope	period	music	smile
bent	joined	sound	rays	burn	solar	buried	valley	typical	light
product	pleasant	make	film	than	stopped	truck	baseball	basis	press
perfect	log	rays	writer	moon	safe	twice	crop	lake	few
trade	belt	sound	difficulty	letter	wire	ability	farther	method	making
roof	quite	ability	upper	glass	powder	gravity	under	arrange	twenty
country	form	diagram	week	area	atmosphere	various	oldest	closely	sight
island	government	soon	nothing	conversation	gravity	process	yellow	concerned	yourself
curious	disease	hair	direction	sudden	cause	rear	coal	folks	paragraph
birds	edge	taste	pound	raise	met	higher	slip	title	differ
word	enough	case	trouble	alive	fence	turn	voice	state	guard
till	got	grandfather	apart	tears	send	interior	shade	roll	next
door	came	climate	sitting	couple	sentence	death	earlier	occur	pride
trunk	best	carried	actual	joined	poet	instrument	compass	label	line
carbon	breath	until	straw	closer	pure	shirt	tank	dear	weigh
object	wagon	bottle	thus	combine	without	stretch	jet	whether	tie
basis	plate	west	unhappy	eager	gift	on	rate	suggest	body
for	said	body	connected	baseball	game	dot	biggest	key	trip
he	farmer	outside	from	none	union	ship	it	therefore	her
lot	examine	white	found	noon	tightly	watch	getting	fort	like
unless	whether	means	liquid	getting	mark	studied	perfect	studying	again
frighten	better	bat	space	principal	eleven	studied	office	trunk	possible
seeing	student	distance	foreign	asleep	opportunity	taken	height	everywhere	cake
next	hit	nothing	laid	teacher	list	buffalo	pure	low	giant
printed	industrial	duty	wear	harder	car	food	scale	shoot	cast
building	were	soft	top	principle	determine	evening	hit	price	former
maybe	society	somebody	third	game	gate	tears	design	loud	where
horse	surface	ran	sound	funny	do	large	pony	poet	rose
baseball	horse	pipe	toward	airplane	attention	across	speed	whom	human
she	bowl	beside	bar	plant	arrive	oil	father	noon	me
perfect	eaten	soft	use	strong	scientific	realize	waste	with	origin
later	string	pile	cloud	list	proper	softly	road	its	shoot
end	that	happen	business	river	route	skin	yourself	studied	twenty
rapidly	torn	rose	bent	dollar	sad	pot	goose	turn	paid
usually	captured	prevent	apple	slave	slope	exciting	condition	live	leg
fighting	court	paid	improve	slide	must	breeze	equator	be	development
minerals	mail	draw	additional	night	ought	provide	during	single	parallel
supply	jungle	forgot	failed	softly	store	push	bright	railroad	imagine
vertical	it	lovely	split	how	must	clearly	fifth	rush	friendly
farther	dangerous	quickly	score	weight	highway	speed	expression	morning	due
football	nation	but	frequently	hollow	spring	grandfather	ago	gasoline	occur
compound	sale	snake	earlier	shut	herself	box	adventure	rock	hope
square	walk	decide	load	face	village	life	adult	temperature	writing
though	tribe	locate	fell	team	hour	familiar	leg	rough	beauty
business	object	unit	cloud	depth	arrive	wait	write	bar	than
recent	breeze	lips	stomach	respect	share	yet	sure	dish	excellent
triangle	in	taken	wolf	after	running	caught	hello	pig	north
riding	zero	rice	pig	locate	cattle	closer	date	manner	audience
western	root	noon	decide	buried	toy	plus	furniture	perfectly	real
pair	thing	thirty	unit	cage	breeze	father	known	flame	word
cave	instance	sign	star	bank	horse	that	gas	minerals	difficulty
wheat	all	receive	seven	come	lack	however	willing	from	hill
where	hunt	own	shadow	man	thumb	using	combine	automobile	pile
regular	eye	green	movement	real	whatever	chosen	experiment	unless	read
thread	treated	basic	amount	problem	symbol	north	drawn	race	trace
connected	apartment	breathe	modern	calm	such	built	golden	useful	today
monkey	bicycle	beauty	equipment	refer	getting	decide	power	may	pick
variety	pupil	during	past	hide	problem	forward	best	orange	rays
frog	shake	likely	bread	understanding	winter	certain	scared	alone	about
silence	entirely	might	giving	page	completely	factor	jungle	load	amount
high	origin	key	open	party	rate	law	pay	standard	describe
view	ordinary	fresh	hand	begun	will	swim	generally	four	clearly
simple	create	leg	earlier	turn	donkey	highest	direction	exciting	cake
quiet	straight	poem	name	simply	labor	pound	my	key	board
made	prize	satisfied	pig	page	vessels	telephone	lose	leg	so
rose	bat	ice	cry	famous	person	occur	onlinetools	border	shelter
darkness	exercise	orbit	obtain	foot	dinner	sets	goose	sister	keep
steep	swung	attempt	clear	slabs	breath	clothing	sad	door	final
sudden	watch	wheel	garage	rocky	fair	blanket	fine	bicycle	team
note	bell	rising	unit	birds	correct	comfortable	carried	silence	bank
tape	drew	away	religious	count	greater	felt	motion	language	put
cake	wide	several	question	division	event	fast	heading	old	leaf
tropical	ability	choose	replied	stronger	melted	queen	congress	mixture	engineer
made	not	truck	brief	dish	purpose	carbon	instrument	dry	morning
built	political	detail	call	ruler	seat	pilot	courage	are	face
instead	age	having	fight	sense	position	settlers	mud	organized	clay
matter	active	brown	with	article	stream	mail	gray	roar	triangle
came	face	twelve	support	wonderful	building	simplest	independent	teach	star
leave	mathematics	get	subject	pay	while	shadow	check	man	friend
steep	chart	useful	myself	spring	declared	available	bright	announced	twenty
top	blow	song	lady	health	label	bound	flight	value	guide
hill	symbol	bent	breathe	he	doing	consider	five	share	wild
trip	car	invented	able	copper	poetry	neighborhood	stay	trip	attention
teeth	fur	thrown	cause	involved	eaten	everything	huge	term	ride
that	mud	magic	prevent	function	bill	without	afternoon	slightly	hit
division	experiment	pine	effect	ought	power	we	became	buy	lungs
go	die	habit	blank	shade	bridge	atmosphere	grade	escape	far
musical	pair	along	front	wood	source	noon	exactly	subject	adventure
horse	improve	ride	master	syllable	else	smooth	planet	badly	unit
steam	name	month	degree	town	differ	weather	ball	broken	age
everywhere	badly	away	arrangement	twenty	sang	family	ill	current	outer
mixture	bush	child	be	area	thy	breathe	lay	route	alone
stomach	help	quietly	satisfied	wonder	children	pipe	wonderful	finger	pie
worth	plate	newspaper	related	finest	selection	sum	minute	story	victory
day	basket	choose	unless	leaving	goose	office	instrument	dinner	rest
diagram	library	loss	call	enter	desert	appearance	society	continent	port
leaving	child	imagine	control	slip	national	flow	breeze	especially	activity
understanding	hide	pipe	fly	atmosphere	object	fourth	six	colony	on
number	lie	fought	rhyme	another	grabbed	wagon	strength	horn	vessels
spread	advice	story	dried	activity	order	skill	cat	get	shoulder
softly	sudden	everywhere	noted	customs	actual	poem	rather	rough	find
moment	solar	available	perhaps	silly	machinery	written	browserling	copy	dog
involved	judge	rapidly	try	language	aware	typical	wonder	tried	bend
entirely	fall	when	key	by	place	spell	ahead	sight	cross
spring	her	leaving	office	primitive	recall	discussion	door	among	mile
soft	slide	greatly	nest	among	remember	source	face	clear	experiment
saved	effort	scientist	ever	wonderful	diagram	habit	image	active	southern
depend	replied	lesson	blank	farm	closer	coming	tower	wait	shore
twelve	court	until	future	among	station	repeat	lucky	count	late
neighborhood	chosen	necessary	express	whistle	blow	began	sail	try	may
breakfast	first	explore	hall	pie	problem	went	accept	ill	then
thin	aloud	consonant	ants	potatoes	blood	swept	west	century	hang
up	bottle	degree	feathers	block	arm	grown	government	come	anybody
rough	begun	aloud	gate	world	very	let	development	extra	flower
hole	forty	develop	night	swimming	standard	clay	frame	facing	religious
slow	suggest	topic	joined	back	leave	air	so	famous	independent
process	reason	evidence	closely	floating	activity	typical	hunter	sudden	shoulder
smallest	neighbor	would	loud	establish	shinning	burst	spoken	sign	possibly
curve	eye	dirt	better	handle	label	sheet	run	officer	duty
yes	voyage	team	forgotten	bush	floating	exact	careful	lead	blow
gather	atom	fewer	shine	blood	does	frequently	similar	camp	trouble
course	farmer	public	chair	hearing	city	wing	drawn	likely	mother
pet	standard	dug	today	television	cutting	alphabet	spider	previous	whom
involved	spend	familiar	movie	exciting	involved	worker	prize	block	sound
atomic	giant	blank	limited	including	evening	slept	were	discussion	lips
birth	blank	anyone	turn	doubt	cover	outer	journey	sell	development
his	her	bottom	heart	death	like	herself	jump	middle	major
buffalo	coach	tank	pocket	remember	vote	middle	flame	contain	surrounded
upon	spite	captured	your	farm	oil	storm	these	hold	feathers
connected	pay	differ	upon	solid	remove	adjective	where	test	coach
led	brave	wooden	whale	loss	for	hunt	salt	basket	tobacco
equipment	observe	vast	caught	sail	upon	met	monkey	acres	mad
structure	plastic	castle	mental	sad	silk	draw	club	bet	chicken
palace	unless	dress	broad	pine	failed	map	age	she	post
special	happened	bean	dirt	whale	bowl	sound	frequently	drink	riding
daily	size	pressure	seed	reader	symbol	planet	piano	relationship	opposite
common	high	end	island	minute	bowl	occasionally	leaving	people	middle
save	whenever	date	character	unit	massage	handsome	century	biggest	war
native	metal	stop	broad	think	possible	nodded	cover	shaking	rhyme
know	brass	afraid	whenever	influence	able	stream	instrument	near	tightly
yourself	thou	managed	golden	meet	fed	behavior	far	purpose	laugh
pool	good	seed	sing	cave	properly	east	plastic	hospital	around
equal	produce	fort	along	smoke	ground	bottle	lift	familiar	party
difficulty	into	interior	quite	leg	seen	learn	beginning	organized	remove
wife	quick	guide	keep	all	pour	voice	difficult	beautiful	ran
later	meat	official	apartment	dug	loss	station	new	horn	compass
political	ready	enjoy	composed	continent	pick	conversation	struggle	wire	nearly
sang	cent	stomach	around	brass	likely	stage	statement	drop	creature
lack	pipe	ready	forward	command	split	so	wide	wool	ordinary
grandfather	earn	been	telephone	old	slept	sad	thirty	depth	many
crowd	upon	discuss	gain	in	only	blood	leaf	faster	with
southern	must	stood	shine	thing	pale	forth	been	safe	sheet
attached	happily	shadow	tales	business	doll	double	none	strip	agree
house	love	trace	author	attempt	single	such	seed	thou	gift
pull	prize	greatly	use	thrown	exercise	name	safe	shaking	range
get	play	snake	child	goose	simplest	attempt	forty	tune	pack
figure	block	instant	can	effort	sitting	fed	solve	prove	nation
nearest	toward	twelve	solar	snow	vast	function	student	explain	gather
curious	swung	fruit	wooden	especially	tightly	struck	apartment	car	forward
shade	facing	skin	while	reach	needle	question	worry	age	ocean
poetry	surprise	instance	tent	main	path	pipe	police	herself	curious
blood	thread	under	hall	ear	thou	stream	why	thought	enjoy
railroad	through	several	statement	forgot	came	slept	ancient	mountain	behavior
vapor	though	seems	silly	hidden	whom	opposite	possibly	wheel	imagine
oil	school	actual	stone	war	deal	eleven	shut	same	film
easy	news	instead	hot	hide	possibly	whole	spring	low	influence
massage	solve	cake	thou	though	improve	direct	using	height	winter
outline	studying	history	till	finally	stairs	history	lamp	average	least
them	gift	wherever	mine	plenty	needed	drawn	seed	face	stove
double	she	mountain	exist	shells	climate	avoid	dish	point	whispered
weather	saved	bar	beside	stuck	five	putting	land	exchange	tent
picture	ants	zero	distant	four	seed	bee	swam	pole	fine
careful	large	offer	measure	manufacturing	calm	fully	ability	mind	pale
chair	outer	root	asleep	mouth	desert	cold	cover	carried	fun
guard	nearer	cutting	diagram	try	loss	sold	garden	merely	window
smaller	chain	tears	two	learn	promised	angle	young	finally	discuss
lose	noise	building	directly	walk	total	stay	swung	shall	lonely
military	hunter	ran	sail	announced	living	leave	usual	motion	hair
old	construction	himself	warm	greater	paint	biggest	rich	gate	square
average	free	pine	become	bound	high	flies	reason	hole	reader
call	equal	melted	actually	establish	eventually	how	carried	pot	hole
instead	atmosphere	can	concerned	foreign	power	palace	year	among	team
cowboy	crew	road	community	battle	bark	pool	region	rush	score
cover	pocket	hungry	his	age	reader	group	product	fact	forgot
moon	asleep	learn	captain	however	cotton	stock	tail	proper	figure
wrong	grown	went	proud	cut	teach	organization	everything	them	teach
late	time	riding	here	speed	none	electric	simplest	share	least
strike	date	still	weak	cave	short	means	guide	camp	camp
his	pen	wish	mice	indeed	suit	draw	largest	pretty	second
sister	rate	partly	root	receive	aware	near	path	badly	job
largest	could	mine	drove	sort	seven	men	born	duck	potatoes
brush	rich	famous	effort	complex	new	sold	running	gently	trap
organized	belong	metal	honor	suppose	score	army	clean	most	rush
for	nervous	monkey	gate	came	begun	concerned	interior	chose	sugar
slept	left	radio	pot	mirror	bigger	welcome	test	shown	exclaimed
one	route	airplane	dug	volume	sport	upon	paint	proper	bone
widely	team	hall	valley	far	own	forget	headed	stuck	uncle
then	land	done	brief	judge	you	captured	quick	official	extra
cap	decide	conversation	individual	telephone	pattern	tent	which	wooden	leave
read	health	along	cast	instead	branch	hot	fed	hearing	indicate
pine	cloth	successful	evening	contain	product	lake	shirt	draw	yard
outer	courage	afternoon	short	hung	thought	courage	speech	pilot	refused
girl	express	atmosphere	red	mice	coal	birth	medicine	round	electric
center	for	iron	act	amount	essential	machine	swung	stems	powder
ought	thy	wish	cannot	sleep	shine	driving	kill	forgotten	give
older	transportation	moment	perfectly	travel	ride	parent	chief	soon	since
city	new	country	shade	potatoes	wheel	two	write	dress	positive
steam	entirely	ants	describe	monkey	silence	nearest	very	direct	stranger
south	grabbed	sheet	graph	given	forget	slope	concerned	whale	look
describe	diameter	sent	will	flower	cross	one	two	rabbit	soil
north	clothes	youth	would	herd	as	faster	round	passage	roar
selection	finger	morning	double	person	hurry	function	record	coffee	blue
store	die	leave	corner	snake	effect	excellent	written	will	fox
film	range	danger	yard	truth	tower	feed	melted	catch	fill
such	statement	right	tribe	kept	worry	service	art	became	walk
like	border	short	flat	practical	action	come	jungle	strength	avoid
huge	correctly	vapor	hidden	tongue	grown	either	tropical	put	song
foot	wet	happened	winter	industrial	use	shine	bridge	someone	group
or	die	tales	perfect	nor	furniture	instrument	business	lucky	tide
larger	sunlight	pipe	stove	family	were	interior	minerals	teach	tip
mind	pay	feed	older	got	solid	sky	grain	hope	pink
hidden	continent	felt	loss	putting	face	lie	about	excitement	folks
model	eat	door	some	cover	fair	noise	national	truck	dinner
diameter	equator	eight	talk	once	feet	thus	primitive	shade	mind
supply	nation	means	were	statement	equipment	figure	military	friendly	unhappy
equipment	silly	tip	surprise	giving	either	business	father	hungry	addition
quarter	book	own	police	me	gather	scientific	long	ruler	skin
stick	unusual	write	rubbed	vast	prove	money	piece	original	tape
blew	bottom	listen	complex	continent	fix	greatly	onlinetools	policeman	except
dawn	roar	far	modern	shelf	clearly	square	cage	might	planning
class	think	plastic	color	effort	eye	army	by	thirty	slight
burst	thumb	moving	office	value	surface	forgot	love	drove	fully
angry	ago	nothing	sink	aside	addition	pleasure	plant	mountain	nest
what	wrote	famous	clear	eye	act	wide	suggest	sing	please
tool	leg	poem	shaking	sound	hurry	plane	chose	have	garage
quietly	green	valuable	stick	middle	worried	court	stranger	bad	strong
guide	supper	mixture	return	club	birds	door	silk	pig	move
scientific	continent	memory	became	missing	pitch	worse	outer	angry	mean
gentle	deal	range	fifth	cannot	desk	ago	exciting	rough	fast
wool	supply	nodded	trail	toward	she	road	go	particular	sat
break	clothes	angle	system	porch	themselves	place	final	include	children
draw	shake	seeing	research	such	model	double	whispered	occasionally	long
form	death	jack	suggest	partly	reach	increase	unusual	man	border
lot	away	fence	mistake	friend	weigh	shore	throw	dollar	identity
diameter	flower	ride	feed	inch	star	attempt	flat	model	respect
quickly	till	weigh	eaten	newspaper	top	language	hole	equal	had
table	telephone	bit	clean	freedom	inch	garden	thin	worried	bend
feel	fell	beautiful	box	fastened	idea	touch	curve	but	prevent
forty	till	mixture	cow	wise	lion	hot	knife	cream	vapor
blow	fear	case	stranger	proud	food	swam	giant	four	victory
port	you	maybe	especially	vote	grade	giving	dear	tea	trail
swam	universe	anywhere	blow	soldier	frighten	met	air	half	should
mainly	television	voice	beautiful	vegetable	made	bit	studying	sign	change
chose	chance	fuel	else	also	refer	belt	turn	truck	kitchen
best	pot	nuts	ride	letter	nodded	religious	master	main	distant
keep	stomach	coffee	hurry	largest	negative	kind	everyone	year	bear
wooden	elephant	fact	gold	darkness	hello	basis	task	heart	mood
eight	pure	result	worse	electric	bend	share	allow	sugar	fish
happen	needle	pocket	world	weak	draw	feel	oldest	myself	manufacturing
religious	river	say	house	provide	cool	continued	ahead	increase	classroom
bark	numeral	breathing	through	sink	bridge	blank	practice	together	giving
slope	pony	fight	country	swept	powerful	silence	strike	attempt	write
consider	putting	gasoline	stairs	chest	opportunity	thank	function	lost	corn
struggle	to	toward	pan	board	bent	sign	hand	slip	dirt
find	excitement	window	impossible	firm	mass	truck	arrange	perhaps	effort
lake	knew	chamber	person	shoulder	local	off	package	bar	block
those	property	family	represent	hungry	differ	atomic	along	terrible	rubber
front	average	themselves	whale	grain	waste	bus	draw	silver	start
though	drop	grow	tried	fell	blank	prove	snow	swept	method
rope	wash	friendly	higher	memory	wore	upper	stock	roof	forget
safety	shinning	fifteen	pain	if	child	strip	torn	officer	burn
label	top	area	believed	hardly	equator	poet	its	cookies	becoming
eaten	mood	pupil	nine	depth	easily	flame	cheese	highway	height
done	arrive	clothes	cloud	folks	someone	characteristic	swept	voyage	flag
iron	modern	replied	cool	my	shape	improve	nation	increase	damage
arrangement	generally	sentence	language	mighty	nobody	breathe	fun	sheet	plane
minute	am	zero	pole	children	mood	stuck	wore	selection	uncle
actually	composed	various	upper	mistake	child	figure	suggest	slide	you
physical	held	house	including	shoe	snow	tie	hour	mile	pleasant
lay	coast	vote	additional	pie	asleep	equal	force	move	meal
safety	enjoy	yet	long	step	curious	except	ball	pipe	determine
control	rise	smooth	under	smallest	number	coach	opportunity	surface	log
beautiful	far	certain	decide	cow	noun	army	deal	touch	force
compound	show	means	allow	industry	repeat	mission	fact	wrong	stiff
won	hungry	tail	something	spin	pilot	fix	shinning	dirt	electricity
another	manner	combine	half	cold	fastened	still	having	muscle	call
son	spend	rise	picture	away	wish	cloud	built	see	seems
ring	post	exchange	car	raw	suddenly	generally	bag	suddenly	butter
support	highest	labor	pretty	atmosphere	glass	fully	worse	slide	did
develop	exist	asleep	page	serve	west	conversation	tide	rest	blanket
principal	flower	comfortable	bone	obtain	uncle	press	involved	chart	theory
easily	south	simple	basis	tight	human	conversation	seen	folks	unit
fat	vast	south	lucky	remain	primitive	that	honor	gently	massage
writing	our	support	white	general	sick	rather	look	package	change
rear	zero	couple	softly	equally	complete	came	cross	chief	string
grade	visit	enough	sense	me	hard	folks	wife	living	word
number	had	wall	noise	vote	hurry	thin	season	began	syllable
open	beside	truck	leather	gift	sum	peace	thumb	five	native
mass	jet	ill	leaving	teeth	porch	least	lot	live	matter
laugh	shoot	dark	planet	sell	show	not	divide	roar	quite
studying	necessary	branch	level	orbit	knife	directly	breath	attention	state
fully	began	hurried	then	are	stairs	generally	worth	alive	hat
excitement	ahead	cloth	deal	gift	sand	search	ruler	satisfied	giving
ate	pleasant	thy	choose	away	distance	scientist	crew	already	string
claws	president	moment	impossible	her	warm	particles	attack	let	pale
realize	running	pan	ate	skill	now	become	pull	clothes	drew
object	arrangement	cut	angry	love	horse	especially	beneath	jack	treated
improve	felt	child	rising	fifty	those	alike	brother	open	or
source	cover	island	walk	wide	trade	die	softly	grown	slip
bound	wrapped	heavy	shirt	swim	barn	satisfied	waste	needle	source
health	death	whispered	sit	begun	roof	pull	vessels	command	dozen
pen	sleep	perfect	division	species	coming	plus	firm	magnet	strange
teacher	noun	make	situation	melted	worse	explanation	yes	dinner	automobile
tower	while	public	are	fellow	gray	sat	means	regular	journey
been	different	beside	signal	industry	highway	pride	direct	expect	lift
drove	ship	mistake	watch	strength	national	gravity	friendly	duck	exchange
curve	laugh	win	diameter	whom	accident	ought	feature	reader	cannot
atomic	lose	balloon	independent	front	sound	quick	trick	board	then
gentle	wet	concerned	yes	structure	usual	huge	depend	phrase	border
box	rose	thus	important	sail	mark	success	enjoy	rays	actually
ourselves	company	available	explore	chose	cave	shall	title	aid	soldier
ranch	volume	flew	desert	task	nobody	mind	officer	frozen	ever
whale	simple	flies	moving	primitive	belong	object	blow	raise	smooth
thin	home	broke	from	farm	flag	grandfather	dawn	student	board
element	religious	brother	prevent	base	swing	effort	stared	he	butter
tobacco	burn	include	furniture	onto	riding	carried	had	burn	begun
swung	check	fog	mathematics	almost	history	coat	hang	organized	task
behavior	indicate	throat	captured	jump	saddle	mysterious	soldier	tired	north
calm	anybody	block	proper	themselves	rhyme	post	habit	freedom	drew
influence	either	author	with	moon	recall	degree	leg	winter	alive
win	help	extra	major	gun	provide	easier	mix	ordinary	children
add	scared	relationship	learn	thousand	far	lungs	why	break	finally
got	brother	function	cloth	weight	nine	build	lose	straight	onlinetools
hungry	personal	stared	outer	hurt	man	environment	take	daily	hole
science	cast	way	roar	wood	way	present	body	blow	slave
to	attention	run	dear	start	rough	influence	cost	spider	climb
business	slept	meal	correct	notice	giving	flow	particular	heat	symbol
pass	shop	attack	difficult	compare	program	pressure	hungry	maybe	natural
many	deal	zero	summer	practical	point	village	chemical	telephone	bat
roof	local	nearby	act	pride	compound	consist	cent	active	skill
duty	saddle	when	merely	forgotten	though	ready	roof	fine	corn
man	meet	regular	threw	disappear	tube	master	available	dinner	tonight
excited	corner	too	speak	pure	folks	explanation	industry	date	rubber
glass	newspaper	aboard	given	trick	physical	am	clock	faster	city
anyway	iron	account	forth	meat	tea	seldom	never	fill	ants
happy	do	product	shine	kitchen	simply	trail	completely	layers	pretty
pay	president	desk	supper	purple	sweet	leaf	decide	greater	worker
border	habit	regular	impossible	jar	farmer	exchange	iron	noted	title
serious	grandfather	gain	music	fuel	married	peace	understanding	solution	birth
personal	perhaps	nine	been	tune	school	depth	meant	queen	house
were	development	salmon	mainly	fur	village	upward	sky	rose	surprise
am	football	value	attempt	stage	slip	nobody	journey	felt	than
machinery	but	to	new	beat	easy	stop	tobacco	pan	shoe
vapor	taught	mixture	sudden	plant	parallel	wealth	shop	idea	circus
write	see	widely	arrange	race	remember	away	guess	then	sister
island	dry	safety	former	ask	paid	excitement	broke	great	ear
finally	south	broke	basic	dig	square	atom	count	yet	passage
against	character	feathers	piece	colony	hunter	practical	leaving	list	doctor
cut	steam	degree	various	theory	coach	jump	bottle	former	balance
out	hung	range	wild	enter	search	exciting	order	diameter	sort